dataset,scene,method,num_disparities,all_pixels_gt,all_pixels_valid_pred,all_coverage_percent,all_mae,all_rmse,all_bad1_percent,all_bad2_percent,all_bad4_percent,nocc_pixels_gt,nocc_pixels_valid_pred,nocc_coverage_percent,nocc_mae,nocc_rmse,nocc_bad1_percent,nocc_bad2_percent,nocc_bad4_percent,point_cloud_points
ETH3D,delivery_area_1l,bm,128,344671,168922,49.00963527537855,0.35491594672203064,3.277517080307007,2.2667266549058143,0.7251867725932679,0.42564023632208947,330771,159205,48.1314867385593,0.362154096364975,3.3586926460266113,2.252441820294589,0.7462077196067962,0.4478502559592977,159205
ETH3D,delivery_area_1l,sgbm,128,344671,284877,82.65186221062984,0.4109087586402893,0.6574429869651794,9.96043906668492,2.2430733263829654,0.13023164383225042,330771,273437,82.66655783003951,0.41434726119041443,0.6618345379829407,10.13578996258736,2.2703584372268564,0.1338516733287741,200000
ETH3D,delivery_area_1l,sgbm_bilateral,128,344671,284877,82.65186221062984,0.3626704514026642,0.5981425642967224,7.812845543866301,1.774098997111034,0.14041147582991959,330771,273437,82.66655783003951,0.36550262570381165,0.6022225022315979,7.940768805977245,1.7985861459860955,0.14372597709892956,200000
ETH3D,delivery_area_1s,bm,128,214454,135138,63.01491228888246,0.2577627897262573,2.195953607559204,1.1047965783125397,0.3522325326703074,0.2811940386863799,203005,129928,64.00236447378144,0.2569718360900879,2.2271206378936768,1.0736715719475403,0.3394187550027708,0.277846191736962,129928
ETH3D,delivery_area_1s,sgbm,128,214454,177368,82.70678094136737,0.25327667593955994,0.4708917438983917,2.108610346849488,0.19000045103964638,0.09359072662487032,203005,170058,83.77035048397823,0.2502424120903015,0.4508178234100342,2.165143656870009,0.17817450516882477,0.08232485387338437,170058
ETH3D,delivery_area_1s,sgbm_bilateral,128,214454,177368,82.70678094136737,0.2621574401855469,0.5078011155128479,3.5570114113030535,1.0475395787289703,0.12290830363988994,203005,170058,83.77035048397823,0.2600780725479126,0.49631914496421814,3.6217055357583883,1.0549341989203682,0.11231462207011726,170058
ETH3D,delivery_area_2l,bm,128,372521,113346,30.426741042786848,0.7425656318664551,5.952566623687744,7.809715384751116,2.3167998870714452,0.7269775730947717,361026,107520,29.781788569244323,0.7525100111961365,6.073913097381592,7.380952380952381,2.054501488095238,0.7552083333333334,107520
ETH3D,delivery_area_2l,sgbm,128,372521,310641,83.3888559302697,0.6595657467842102,0.9552707076072693,21.728941124964187,5.725902247288671,0.3318943732475752,361026,301279,83.45077639837574,0.660516619682312,0.9537719488143921,21.78113974090461,5.6605339237052705,0.32760331785487873,200000
ETH3D,delivery_area_2l,sgbm_bilateral,128,372521,310641,83.3888559302697,0.5763853192329407,0.8381553292274475,17.260116983913907,3.893562021755016,0.15355345881580346,361026,301279,83.45077639837574,0.5766843557357788,0.8360419273376465,17.25510241337763,3.814736506693132,0.1560015799308946,200000
ETH3D,delivery_area_2s,bm,128,231603,96647,41.729597630427925,0.660300076007843,5.0509562492370605,7.41254255176053,3.651432532825644,0.799817893985328,223748,93308,41.70227219908111,0.6507670283317566,5.1205878257751465,6.73468512882068,3.121918806533202,0.8048613195010074,93308
ETH3D,delivery_area_2s,sgbm,128,231603,166292,71.80045163490973,1.2984851598739624,9.576473236083984,11.201380703822192,3.205205301517812,1.0854400692757318,223748,160958,71.93717932674258,1.3126696348190308,9.713312149047852,10.766783881509461,2.9417612047863417,1.111470072938282,160958
ETH3D,delivery_area_2s,sgbm_bilateral,128,231603,166292,71.80045163490973,1.275801420211792,9.556838035583496,10.438866572053977,3.2605296706997327,1.1257306424843048,223748,160958,71.93717932674258,1.2907392978668213,9.693617820739746,10.023111619180158,3.0156935349594303,1.1580660793498927,160958
ETH3D,delivery_area_3l,bm,128,410699,152456,37.121103289757215,0.6059179306030273,5.15902853012085,3.9467124940966576,2.1265151912683007,1.7729705619982157,399215,145899,36.546472452187416,0.5339434146881104,5.196377754211426,2.7943988649682314,0.9568262976442609,0.6340002330379235,145899
ETH3D,delivery_area_3l,sgbm,128,410699,349803,85.17259598878985,0.5917845964431763,1.0423245429992676,16.48356360580098,4.744384696529189,1.1432148952410357,399215,342831,85.876282203825,0.5666776299476624,0.9239168167114258,16.312118799058428,4.393418331481109,0.7510989379606862,200000
ETH3D,delivery_area_3l,sgbm_bilateral,128,410699,349803,85.17259598878985,0.5565723180770874,0.9870865345001221,14.962707581124231,4.443358118712532,1.1938148043327244,399215,342831,85.876282203825,0.5381461977958679,0.906521737575531,14.778126832170955,4.113688668760993,0.8776919240092057,200000
ETH3D,delivery_area_3s,bm,128,274705,101548,36.96620010556779,1.4348665475845337,8.893186569213867,6.061173041320361,4.2767952101469255,4.0128806081852915,263101,94504,35.91928574957906,1.3293174505233765,9.04927921295166,4.441081858968932,2.6390417336832304,2.356514009988995,94504
ETH3D,delivery_area_3s,sgbm,128,274705,197132,71.76134398718625,1.2301102876663208,6.6411662101745605,11.400482925146601,3.7375971430310657,2.5378933912302415,263101,189473,72.0153097099593,1.1472147703170776,6.6336565017700195,10.653232914452191,2.750259931494197,1.5041720983992444,189473
ETH3D,delivery_area_3s,sgbm_bilateral,128,274705,197132,71.76134398718625,1.162851333618164,6.524034023284912,10.308321327841243,3.759409938518353,2.4562222267313274,263101,189473,72.0153097099593,1.098198652267456,6.547907829284668,9.52589551017823,2.7903711874515102,1.4851720297878854,189473
ETH3D,electro_1l,bm,128,378984,219995,58.048624744052525,0.7040360569953918,5.80228853225708,2.760971840269097,1.7495852178458602,1.2427555171708449,369772,215534,58.288350659325204,0.704857587814331,5.849185943603516,2.5768556237067006,1.6633106609630035,1.2448152031698014,200000
ETH3D,electro_1l,sgbm,128,378984,311659,82.23539780043485,0.3728824555873871,0.5583450794219971,4.090367998357179,1.5946916341257593,0.09305041728299199,369772,306152,82.79480328418593,0.3699689507484436,0.5525215268135071,3.9663304502338708,1.5315921503044239,0.0934176487496407,200000
ETH3D,electro_1l,sgbm_bilateral,128,378984,311659,82.23539780043485,0.3814629316329956,0.6089176535606384,4.948036154900067,2.0567350854619955,0.18866774262896305,369772,306152,82.79480328418593,0.37875503301620483,0.6054874062538147,4.780631843006089,2.0215448535368052,0.19206145966709345,200000
ETH3D,electro_1s,bm,128,233982,96916,41.42028019249344,0.5696154832839966,5.185832500457764,2.603285319245532,2.086342812332329,1.2577902513516859,224717,94985,42.26872021253399,0.5585440397262573,5.148365497589111,2.4688108648734013,2.0234773911670265,1.2317734379112493,94985
ETH3D,electro_1s,sgbm,128,233982,173972,74.35272798762298,0.3710136413574219,0.6998307704925537,7.427632032740901,3.089002828041294,0.2810797139769618,224717,170534,75.88833955597485,0.3712332546710968,0.6988746523857117,7.450127247352434,3.0738738316112917,0.2773640447066274,170534
ETH3D,electro_1s,sgbm_bilateral,128,233982,173972,74.35272798762298,0.41052332520484924,0.8005348443984985,9.466465868070724,4.397259329087439,0.47996229278274666,224717,170534,75.88833955597485,0.40209782123565674,0.7826111316680908,9.144803968710052,4.1768796838167175,0.4614915500721264,170534
ETH3D,electro_2l,bm,128,207786,175110,84.2742051918801,0.814969539642334,7.420231819152832,2.2911312889041175,1.6332590942835932,1.153560619039461,204227,172672,84.54905570761946,0.8225228190422058,7.472294807434082,2.2852575982209045,1.6557403632320236,1.1698480355819125,172672
ETH3D,electro_2l,sgbm,128,207786,194101,93.41389699017259,0.3309982419013977,0.6561058759689331,2.9783463248514948,1.6769619940134262,0.6604808836636596,204227,191488,93.76233309013989,0.332201212644577,0.6596411466598511,3.0163770053475933,1.699323195187166,0.6694936497326203,191488
ETH3D,electro_2l,sgbm_bilateral,128,207786,194101,93.41389699017259,0.32178449630737305,0.6030983328819275,3.2385201518796918,1.6764467983163402,0.5234388282389065,204227,191488,93.76233309013989,0.32307735085487366,0.6063111424446106,3.280101102941176,1.698278743315508,0.5305815508021391,191488
ETH3D,electro_2s,bm,128,100978,53573,53.05413060270554,0.49003109335899353,3.5728158950805664,3.061243536856252,2.353797621936423,2.3332648908965337,95712,52300,54.64309595453025,0.4935903251171112,3.6148483753204346,3.068833652007648,2.3996175908221797,2.3785850860420648,52300
ETH3D,electro_2s,sgbm,128,100978,70760,70.07466973004021,0.3720013499259949,1.021130919456482,5.03391746749576,2.2639909553420012,1.977105709440362,95712,69216,72.31695085255767,0.37452569603919983,1.0313985347747803,5.136095700416089,2.3058252427184467,2.021208969024503,69216
ETH3D,electro_2s,sgbm_bilateral,128,100978,70760,70.07466973004021,0.40789058804512024,1.0241332054138184,7.49152063312606,4.139344262295082,1.924816280384398,95712,69216,72.31695085255767,0.41172757744789124,1.0347144603729248,7.65574433656958,4.2316805362921865,1.9677531206657422,69216
ETH3D,electro_3l,bm,128,275094,91676,33.32533606694439,0.9472735524177551,5.871786117553711,7.6377677909158335,4.2562939046206205,3.4000174527684455,266377,85633,32.14729499919287,0.8861982226371765,5.950876235961914,6.383053262176965,3.04555486786636,2.257307346466899,85633
ETH3D,electro_3l,sgbm,128,275094,242488,88.14732418736868,0.5426305532455444,2.5748770236968994,9.303140773976445,3.180775955923592,1.835967140642011,266377,234915,88.18892021458309,0.5062668919563293,2.5506324768066406,8.79594747036162,2.6298874060830513,1.3013217546772238,200000
ETH3D,electro_3l,sgbm_bilateral,128,275094,242488,88.14732418736868,0.5563204288482666,2.57485294342041,9.741925373626737,4.10247105011382,1.8635973738906668,266377,234915,88.18892021458309,0.5225881934165955,2.5551159381866455,9.25355979822489,3.580869676265883,1.3558095481344317,200000
ETH3D,electro_3s,bm,128,215229,83456,38.77544382959545,0.8112541437149048,6.479067325592041,3.0267446319018405,1.6919095092024539,1.6583588957055215,208437,82157,39.41574672442992,0.8124113082885742,6.472329139709473,3.0587777060992978,1.7040544323672968,1.6699733437199507,82157
ETH3D,electro_3s,sgbm,128,215229,108207,50.27528818142537,16.995927810668945,42.470062255859375,19.227037067842193,17.67353313556424,17.342685778184403,208437,106344,51.01973258106766,17.287166595458984,42.84026336669922,19.52061235236591,17.97092454675393,17.638982923343114,106344
ETH3D,electro_3s,sgbm_bilateral,128,215229,108207,50.27528818142537,17.282394409179688,42.4784049987793,27.91131812174813,24.625024259059025,20.606799929764247,208437,106344,51.01973258106766,17.576915740966797,42.8486442565918,28.255472805235836,24.996238621831036,20.95369743474009,106344
ETH3D,facade_1s,bm,128,211672,159003,75.11763483124835,0.2181864082813263,2.6030871868133545,0.5345811085325434,0.2937051502172915,0.292447312314862,196669,148865,75.69316974205391,0.16042110323905945,1.6823747158050537,0.3654317670372485,0.120243173344977,0.11957142377321735,148865
ETH3D,facade_1s,sgbm,128,211672,176095,83.19239200272119,0.2169196903705597,0.42434629797935486,0.22885374371787956,0.06530565887731055,0.06360203299355462,196669,164508,83.64714316948782,0.2100386619567871,0.3067888915538788,0.18175407882899314,0.018844068373574538,0.017020448853551196,164508
ETH3D,facade_1s,sgbm_bilateral,128,211672,176095,83.19239200272119,0.21476364135742188,0.3943517208099365,0.5650359181123825,0.1379936965842301,0.09029217183906414,196669,164508,83.64714316948782,0.20858293771743774,0.3079649806022644,0.48386704597952684,0.08510224426775598,0.041943248960536875,164508
ETH3D,forest_1s,bm,128,144700,98358,67.9737387698687,1.9401097297668457,12.619709968566895,5.183106610545151,3.472010410947762,2.3760141523821146,122711,92956,75.75197007603231,0.3165843188762665,3.256225824356079,2.674383579327854,1.167218899264168,0.30982400275399113,92956
ETH3D,forest_1s,sgbm,128,144700,105473,72.89080856945405,0.40327778458595276,2.3439111709594727,5.563509144520398,2.4385387729561123,0.8276999800896911,122711,101111,82.39766606090734,0.2602388262748718,0.6220922470092773,4.393191640869936,1.6516501666485348,0.27890140538615976,101111
ETH3D,forest_1s,sgbm_bilateral,128,144700,105473,72.89080856945405,0.441697359085083,2.355289936065674,7.708133835199529,3.6113507722355482,1.1320432717377906,122711,101111,82.39766606090734,0.2989075779914856,0.7608503103256226,6.41275429973,2.643629278713493,0.6359347647634778,101111
ETH3D,forest_2s,bm,128,125914,83875,66.61292628301857,0.3086123764514923,3.267456531524658,1.3114754098360655,0.46497764530551416,0.3028315946348733,119039,80168,67.34599585009956,0.28369390964508057,2.9828643798828125,1.1949905199081927,0.3829458137910388,0.27068156870571797,80168
ETH3D,forest_2s,sgbm,128,125914,92054,73.10862969963627,0.24892984330654144,1.0887492895126343,1.6957438025506768,0.7039346470549894,0.40519694961652947,119039,87976,73.90519073580927,0.24540619552135468,1.1017775535583496,1.52427934891334,0.610393743748295,0.39215240520141853,87976
ETH3D,forest_2s,sgbm_bilateral,128,125914,92054,73.10862969963627,0.3610057234764099,1.2806273698806763,5.98344449996741,3.5500901644686813,1.397006105112217,119039,87976,73.90519073580927,0.35998088121414185,1.2970548868179321,5.843639174320269,3.530508320451032,1.4185687005546967,87976
ETH3D,playground_1l,bm,128,228855,168109,73.45655546088135,0.563692033290863,4.554304599761963,2.0653266630578972,1.601341986449268,1.3544783444074975,216801,162421,74.91708986582165,0.5541439652442932,4.565092086791992,1.893228092426472,1.4505513449615506,1.1956581969080353,162421
ETH3D,playground_1l,sgbm,128,228855,184705,80.70830875445151,0.3293576240539551,0.7409029006958008,1.7075877751008366,0.7779973471210849,0.5522319374137138,216801,178779,82.46225801541506,0.32508033514022827,0.7094780206680298,1.6159616062289197,0.7159677590768491,0.491668484553555,178779
ETH3D,playground_1l,sgbm_bilateral,128,228855,184705,80.70830875445151,0.35823991894721985,0.7333658933639526,3.2836144121707584,1.7844671232505889,0.792615251346742,216801,178779,82.46225801541506,0.3548721969127655,0.7164743542671204,3.1502581399381357,1.7317470172671288,0.7668685919487188,178779
ETH3D,playground_1s,bm,128,102050,86281,84.54777070063693,0.21917113661766052,1.7635893821716309,0.7649424554652821,0.39522026865706245,0.2318007440803885,98495,83580,84.85709934514443,0.22073766589164734,1.780625343322754,0.7741086384302465,0.4044029672170376,0.2357023211294568,83580
ETH3D,playground_1s,sgbm,128,102050,95170,93.25820676139148,0.2139766365289688,0.3939306437969208,0.6535673006199433,0.1733739623831039,0.06619733109173058,98495,92347,93.75805878470989,0.21420569717884064,0.3969341516494751,0.6573034316220343,0.1775910424810768,0.06822094924577951,92347
ETH3D,playground_1s,sgbm_bilateral,128,102050,95170,93.25820676139148,0.23778106272220612,0.486540824174881,1.8209519806661763,0.9961122202374698,0.27634758852579594,98495,92347,93.75805878470989,0.2389337718486786,0.4915613830089569,1.859291585000054,1.024397110896943,0.28479539129587317,92347
ETH3D,playground_2l,bm,128,242061,118874,49.109108860989586,4.929112911224365,16.37569236755371,17.513501690865958,16.59067584164746,15.79487524605885,230422,114464,49.675812205431775,4.7071380615234375,16.129901885986328,16.214705060106237,15.306122448979592,14.535574503774113,114464
ETH3D,playground_2l,sgbm,128,242061,141554,58.47864794411326,3.3750579357147217,12.879819869995117,16.30119954222417,14.578182177826129,13.336959746810404,230422,136542,59.25736257822604,3.2874133586883545,12.933465957641602,15.27002680493914,13.606069927201887,12.432804558304404,136542
ETH3D,playground_2l,sgbm_bilateral,128,242061,141554,58.47864794411326,3.423431158065796,12.755456924438477,24.161803975867866,19.40107662093618,13.909179535724883,230422,136542,59.25736257822604,3.349937677383423,12.818243026733398,23.30638191911646,18.586954929618727,13.097801409090243,136542
ETH3D,playground_2s,bm,128,130129,93309,71.70500042265752,0.5981214642524719,5.007501125335693,2.341681938505396,1.732951805292094,1.6354263790202446,125915,91861,72.95477107572569,0.5570595264434814,4.762544631958008,2.1249496521918987,1.5741174165314988,1.4826749110068473,91861
ETH3D,playground_2s,sgbm,128,130129,109194,83.91211797523995,0.2385781705379486,0.6317411661148071,1.8471710899866292,0.5329963184790373,0.2802351777570196,125915,107346,85.25274987094468,0.2311462163925171,0.5634943246841431,1.6712313453691798,0.48627801687999556,0.26270191716505503,107346
ETH3D,playground_2s,sgbm_bilateral,128,130129,109194,83.91211797523995,0.3245304822921753,0.8563888669013977,5.364763631701376,2.8893528948477023,1.0073813579500706,125915,107346,85.25274987094468,0.31727534532546997,0.8252550363540649,5.145044994690068,2.839416466379744,0.9949136437314852,107346
ETH3D,playground_3l,bm,128,179977,129813,72.12754963134178,0.8847646713256836,5.089375972747803,6.5655982066511065,5.50021954657854,4.543458667467819,171079,126010,73.65603025502838,0.7510339021682739,4.4032135009765625,5.718593762399809,4.672645028172368,3.6965320212681534,126010
ETH3D,playground_3l,sgbm,128,179977,144228,80.13690638248221,0.5549357533454895,1.9383172988891602,4.279335496574867,3.2171284355326293,2.701278531214466,171079,140141,81.91595695555854,0.5091389417648315,1.8021396398544312,3.8175837192541797,2.762931618869567,2.2520176108348022,140141
ETH3D,playground_3l,sgbm_bilateral,128,179977,144228,80.13690638248221,0.656751275062561,1.9997239112854004,8.376320825359846,6.088276894916382,3.7516986992816928,171079,140141,81.91595695555854,0.6205264925956726,1.9173752069473267,7.804282829436068,5.6036420462248735,3.3958655925104004,140141
ETH3D,playground_3s,bm,128,92958,77745,83.63454463306009,0.4615741968154907,3.087808609008789,3.0419962698565826,2.2509486140587818,2.058010161425172,87366,76086,87.08879884623309,0.44540202617645264,3.062105178833008,2.844150040743369,2.0857976500276005,1.8886523144862393,76086
ETH3D,playground_3s,sgbm,128,92958,84949,91.38428107317283,0.31428632140159607,1.1376630067825317,2.0247442583196977,1.1300898185970405,0.9900057681667825,87366,82943,94.93738983128448,0.30428755283355713,1.0844851732254028,1.8856323017011682,1.0175662804576637,0.8849450827676839,82943
ETH3D,playground_3s,sgbm_bilateral,128,92958,84949,91.38428107317283,0.4285838007926941,1.3036301136016846,6.030677229867332,4.177800798125935,2.1401075939681458,87366,82943,94.93738983128448,0.4228113889694214,1.292279839515686,5.82448187309357,4.067853827327201,2.095414923501682,82943
ETH3D,terrace_1s,bm,128,139421,97010,69.58062271824187,0.1940428912639618,0.8969781398773193,1.7781671992578085,0.8463045046902382,0.6050922585300484,132547,92460,69.75638829999924,0.1963191032409668,0.914866030216217,1.7131732641142114,0.8641574735020549,0.6294613887086308,92460
ETH3D,terrace_1s,sgbm,128,139421,102437,73.47314966898817,2.0417330265045166,11.030367851257324,5.686421898337515,3.991721741167742,3.5885471070023525,132547,97741,73.74063539725532,2.114108085632324,11.248380661010742,5.747843791244207,4.096540857981809,3.733336061632273,97741
ETH3D,terrace_1s,sgbm_bilateral,128,139421,102437,73.47314966898817,2.028442144393921,10.990645408630371,5.660064234602732,4.043460858869354,3.4919023399748137,132547,97741,73.74063539725532,2.1004252433776855,11.20779800415039,5.701803746636519,4.18043605037804,3.6340941877001467,97741
ETH3D,terrace_2s,bm,128,164541,109077,66.29168413951538,0.2557481825351715,1.3991143703460693,3.7349762094667067,1.8500692171585211,0.6665016456264841,160672,107519,66.91831806413066,0.23065803945064545,1.140213131904602,3.019931360968759,1.433235056129614,0.4920060640444945,107519
ETH3D,terrace_2s,sgbm,128,164541,126375,76.80456542746185,0.27831095457077026,0.5235215425491333,3.658160237388724,1.1125618199802176,0.36716122650840755,160672,124513,77.49514538936467,0.2635065019130707,0.4732160270214081,3.06393709893746,0.8143727964148322,0.24334808413579304,124513
ETH3D,terrace_2s,sgbm_bilateral,128,164541,126375,76.80456542746185,0.27751022577285767,0.5393799543380737,4.386943620178042,1.3958456973293767,0.3584569732937686,160672,124513,77.49514538936467,0.2621381878852844,0.4900803864002228,3.7706906106189715,1.103499233011814,0.233710536249227,124513
ETH3D,terrains_1l,bm,128,407419,175339,43.03652996055657,0.45575013756752014,3.5382578372955322,4.271725058315606,0.8047268434290147,0.6707007568196465,392592,173461,44.18352895627012,0.45278027653694153,3.556020975112915,3.986486876012475,0.8094038429387586,0.677962193230755,173461
ETH3D,terrains_1l,sgbm,128,407419,306702,75.2792579629325,1.9097914695739746,5.857509136199951,20.74652268325606,10.471076158616507,6.51316261387275,392592,304682,77.60779638912663,1.917506217956543,5.876301288604736,20.675655273366985,10.518179610216553,6.55601578038742,200000
ETH3D,terrains_1l,sgbm_bilateral,128,407419,306702,75.2792579629325,2.1330902576446533,6.148579120635986,22.802264086963895,14.254227230340852,9.536292557596624,392592,304682,77.60779638912663,2.1419103145599365,6.168214797973633,22.734523207803544,14.318863602050664,9.592952652273517,200000
ETH3D,terrains_1s,bm,128,272615,141366,51.855547200264105,0.2530464828014374,1.5296968221664429,3.235572910034945,0.6550372791194488,0.41523421473338706,255350,140975,55.20853730174271,0.25253868103027344,1.5314464569091797,3.2069515871608436,0.6568540521369037,0.4163858840219897,140975
ETH3D,terrains_1s,sgbm,128,272615,204592,75.04796141078077,0.9034202694892883,3.704500436782837,13.762512708219285,6.091147258934856,2.290412137326973,255350,204070,79.9177599373409,0.9040677547454834,3.707720994949341,13.75802420737982,6.103297887979615,2.294310775714216,200000
ETH3D,terrains_1s,sgbm_bilateral,128,272615,204592,75.04796141078077,0.9566179513931274,3.746150493621826,14.635958395245172,7.577031359974974,3.534840071948072,255350,204070,79.9177599373409,0.9568940997123718,3.749394655227661,14.61410300387122,7.575341794482285,3.5399617778213357,200000
ETH3D,terrains_2l,bm,128,265350,52946,19.95326926700584,0.8833309412002563,4.952016353607178,8.07426434480414,3.8662033014769768,2.366562157670079,262738,52781,20.088833743120524,0.8821992874145508,4.958846092224121,7.946041189064247,3.808188552698888,2.3720657054621928,52781
ETH3D,terrains_2l,sgbm,128,265350,194775,73.40305257207463,2.206395149230957,8.071090698242188,24.754716981132074,10.508535489667565,5.714799127198049,262738,194456,74.01137254603445,2.2081844806671143,8.077248573303223,24.73772987205332,10.499547455465503,5.719545809849015,194456
ETH3D,terrains_2l,sgbm_bilateral,128,265350,194775,73.40305257207463,2.5130794048309326,8.265375137329102,28.978565010910025,16.750096264921062,9.757412398921833,262738,194456,74.01137254603445,2.5154616832733154,8.27182388305664,28.970049779898794,16.74980458304192,9.771362159048834,194456
ETH3D,terrains_2s,bm,128,198761,34249,17.23124757875036,1.1063783168792725,5.558038711547852,9.614879266547929,5.6556395807176845,4.344652398610179,191603,34201,17.84992928085677,1.1047024726867676,5.558325290679932,9.520189468144206,5.613870939446215,4.3478260869565215,34201
ETH3D,terrains_2s,sgbm,128,198761,148296,74.61021025251434,3.1668529510498047,8.372326850891113,26.80719641797486,14.765738792684902,11.913335491179803,191603,148180,77.33699367963968,3.1668360233306885,8.373794555664062,26.769469564043728,14.750978539613982,11.915238223781886,148180
ETH3D,terrains_2s,sgbm_bilateral,128,198761,148296,74.61021025251434,3.511305093765259,9.064924240112305,27.653476830123537,17.158251065436694,13.329422236607865,191603,148180,77.33699367963968,3.5114548206329346,9.066326141357422,27.619111890943447,17.150762586044,13.330408962073154,148180
